grasp_id,label,timestamp_ms,enc_deg,s0_dx,s0_dy,s0_dz,s1_dx,s1_dy,s1_dz,s2_dx,s2_dy,s2_dz,s3_dx,s3_dy,s3_dz,s4_dx,s4_dy,s4_dz,s5_dx,s5_dy,s5_dz,t1_flag,t2_flag,t1_ms,t2_ms
1,cylinder_stiff,6,60.720,-2.563,-2.087,20.690,7.228,9.060,4.053,0.000,-0.000,-0.007,0.000,-0.000,-0.007,0.002,-0.001,0.000,0.000,-0.000,-0.007,1,0,6,0
1,cylinder_stiff,24,60.720,4.493,-0.127,17.530,-7.276,3.964,16.693,0.000,-0.000,-0.007,0.000,-0.000,-0.007,0.002,-0.001,0.000,0.000,-0.000,-0.007,0,0,6,0
1,cylinder_stiff,43,60.984,1.357,-3.263,14.686,-8.060,-0.740,19.221,0.000,-0.000,-0.007,0.000,-0.000,-0.007,0.002,-0.001,0.000,0.000,-0.000,-0.007,0,0,6,0
1,cylinder_stiff,61,61.424,-1.191,-0.715,39.650,-1.788,6.512,6.897,0.000,-0.000,-0.007,0.000,-0.000,-0.007,0.002,-0.001,0.000,0.000,-0.000,-0.007,0,0,6,0
1,cylinder_stiff,80,62.040,4.493,-2.283,32.066,-3.748,-1.524,16.377,0.000,-0.000,-0.007,0.000,-0.000,-0.007,0.002,-0.001,0.000,0.000,-0.000,-0.007,0,0,6,0
1,cylinder_stiff,100,62.920,-5.503,6.341,26.694,-4.336,-4.856,10.689,0.000,-0.000,-0.007,0.000,-0.000,-0.007,0.002,-0.001,0.000,0.000,-0.000,-0.007,0,0,6,0
1,cylinder_stiff,120,63.888,-0.211,-3.851,20.690,-0.612,7.296,6.581,0.000,-0.000,-0.007,0.000,-0.000,-0.007,0.002,-0.001,0.000,0.000,-0.000,-0.007,0,0,6,0
1,cylinder_stiff,140,64.768,4.297,-4.047,28.590,-2.768,5.140,17.325,0.000,-0.000,-0.007,0.000,-0.000,-0.007,0.002,-0.001,0.000,0.000,-0.000,-0.007,0,0,6,0
1,cylinder_stiff,160,65.736,5.669,-0.715,28.590,-0.808,7.296,17.641,0.000,-0.000,-0.007,0.000,-0.000,-0.007,0.002,-0.001,0.000,0.000,-0.000,-0.007,0,0,6,0
1,cylinder_stiff,180,66.880,2.533,-4.439,25.430,-6.100,-1.720,10.057,0.000,-0.000,-0.007,0.000,-0.000,-0.007,0.002,-0.001,0.000,0.000,-0.000,-0.007,0,0,6,0
1,cylinder_stiff,200,68.024,2.925,-2.675,17.846,-3.944,-2.504,10.689,0.000,-0.000,-0.007,0.000,-0.000,-0.007,0.002,-0.001,0.000,0.000,-0.000,-0.007,0,0,6,0
1,cylinder_stiff,220,69.168,2.729,-8.947,16.266,-2.180,-3.876,11.005,0.000,-0.000,-0.007,0.000,-0.000,-0.007,0.002,-0.001,0.000,0.000,-0.000,-0.007,0,0,6,0
1,cylinder_stiff,240,70.312,-3.347,1.637,32.698,6.640,0.044,17.325,0.000,-0.000,-0.007,0.000,-0.000,-0.007,0.002,-0.001,0.000,0.000,-0.000,-0.007,0,0,6,0
1,cylinder_stiff,260,71.368,7.237,3.205,18.478,-6.296,-1.132,21.117,0.000,-0.000,-0.007,0.000,-0.000,-0.007,0.002,-0.001,0.000,0.000,-0.000,-0.007,0,0,6,0
1,cylinder_stiff,280,72.424,-2.759,-15.807,21.638,-2.572,-1.524,12.585,0.000,-0.000,-0.007,0.000,-0.000,-0.007,0.002,-0.001,0.000,0.000,-0.000,-0.007,0,0,6,0
1,cylinder_stiff,300,73.568,-2.563,-5.223,25.746,0.172,1.024,25.541,0.000,-0.000,-0.007,0.000,-0.000,-0.007,0.002,-0.001,0.000,0.000,-0.000,-0.007,0,0,6,0
1,cylinder_stiff,320,74.712,-1.975,0.069,38.386,-9.628,-4.856,18.905,0.000,-0.000,-0.007,0.000,-0.000,-0.007,0.002,-0.001,0.000,0.000,-0.000,-0.007,0,0,6,0
1,cylinder_stiff,340,75.856,1.945,-9.143,23.218,-0.220,-2.700,2.157,0.000,-0.000,-0.007,0.000,-0.000,-0.007,0.002,-0.001,0.000,0.000,-0.000,-0.007,0,0,6,0
1,cylinder_stiff,360,77.000,-2.171,0.657,17.846,1.348,-9.952,11.637,0.000,-0.000,-0.007,0.000,-0.000,-0.007,0.002,-0.001,0.000,0.000,-0.000,-0.007,0,0,6,0
1,cylinder_stiff,380,78.232,6.061,-1.499,35.226,-2.768,-5.640,14.481,0.000,-0.000,-0.007,0.000,-0.000,-0.007,0.002,-0.001,0.000,0.000,-0.000,-0.007,0,0,6,0
1,cylinder_stiff,400,79.288,8.805,-6.595,31.118,-2.572,-0.544,28.385,0.000,-0.000,-0.007,0.000,-0.000,-0.007,0.002,-0.001,0.000,0.000,-0.000,-0.007,0,0,6,0
1,cylinder_stiff,420,80.432,-3.935,-0.911,33.014,1.740,-8.776,17.641,0.000,-0.000,-0.007,0.000,-0.000,-0.007,0.002,-0.001,0.000,0.000,-0.000,-0.007,0,0,6,0
1,cylinder_stiff,440,81.488,5.865,-5.615,37.122,0.172,-2.308,19.853,0.000,-0.000,-0.007,0.000,-0.000,-0.007,0.002,-0.001,0.000,0.000,-0.000,-0.007,0,0,6,0
1,cylinder_stiff,460,82.456,7.237,-6.791,36.490,-0.808,3.572,19.221,0.000,-0.000,-0.007,0.000,-0.000,-0.007,0.002,-0.001,0.000,0.000,-0.000,-0.007,0,0,6,0
1,cylinder_stiff,480,83.512,-1.779,1.637,30.170,3.700,-1.720,27.437,0.000,-0.000,-0.007,0.000,-0.000,-0.007,0.002,-0.001,0.000,0.000,-0.000,-0.007,0,0,6,0
1,cylinder_stiff,500,84.480,5.473,-11.299,30.486,-0.416,3.572,24.909,0.000,-0.000,-0.007,0.000,-0.000,-0.007,0.002,-0.001,0.000,0.000,-0.000,-0.007,0,0,6,0
1,cylinder_stiff,520,85.448,3.317,-3.459,21.954,-7.472,1.416,29.649,0.000,-0.000,-0.007,0.000,-0.000,-0.007,0.002,-0.001,0.000,0.000,-0.000,-0.007,0,0,6,0
1,cylinder_stiff,540,86.416,3.905,-5.027,19.110,2.720,0.436,24.593,0.000,-0.000,-0.007,0.000,-0.000,-0.007,0.002,-0.001,0.000,0.000,-0.000,-0.007,0,0,6,0
1,cylinder_stiff,560,87.472,6.649,-5.419,46.602,3.504,2.396,33.125,0.000,-0.000,-0.007,0.000,-0.000,-0.007,0.002,-0.001,0.000,0.000,-0.000,-0.007,0,0,6,0
1,cylinder_stiff,580,88.264,0.377,-7.575,30.802,1.936,-4.464,32.177,0.000,-0.000,-0.007,0.000,-0.000,-0.007,0.002,-0.001,0.000,0.000,-0.000,-0.007,0,0,6,0
1,cylinder_stiff,600,89.232,9.197,-3.459,34.278,-3.944,4.748,33.125,0.000,-0.000,-0.007,0.000,-0.000,-0.007,0.002,-0.001,0.000,0.000,-0.000,-0.007,0,0,6,0
1,cylinder_stiff,620,90.112,-1.583,-15.415,33.646,-4.924,-6.228,18.905,0.000,-0.000,-0.007,0.000,-0.000,-0.007,0.002,-0.001,0.000,0.000,-0.000,-0.007,0,0,6,0
1,cylinder_stiff,640,90.992,10.177,-8.947,28.590,0.368,4.356,35.653,0.000,-0.000,-0.007,0.000,-0.000,-0.007,0.002,-0.001,0.000,0.000,-0.000,-0.007,0,0,6,0
1,cylinder_stiff,660,91.872,0.573,-6.987,30.486,-0.612,0.632,24.277,0.000,-0.000,-0.007,0.000,-0.000,-0.007,0.002,-0.001,0.000,0.000,-0.000,-0.007,0,0,6,0
1,cylinder_stiff,680,92.664,2.925,-4.047,18.794,-0.612,-0.152,30.913,0.000,-0.000,-0.007,0.000,-0.000,-0.007,0.002,-0.001,0.000,0.000,-0.000,-0.007,0,0,6,0
1,cylinder_stiff,700,93.632,3.905,-2.675,27.958,-9.628,-5.444,35.969,0.000,-0.000,-0.007,0.000,-0.000,-0.007,0.002,-0.001,0.000,0.000,-0.000,-0.007,0,0,6,0
1,cylinder_stiff,720,94.512,9.589,-12.867,36.174,-3.160,4.944,42.605,0.000,-0.000,-0.007,0.000,-0.000,-0.007,0.002,-0.001,0.000,0.000,-0.000,-0.007,0,0,6,0
1,cylinder_stiff,740,95.480,3.317,-9.143,25.430,0.956,8.276,41.341,0.000,-0.000,-0.007,0.000,-0.000,-0.007,0.002,-0.001,0.000,0.000,-0.000,-0.007,0,0,6,0
1,cylinder_stiff,760,96.360,-0.211,-10.711,24.482,0.368,0.436,39.129,0.000,-0.000,-0.007,0.000,-0.000,-0.007,0.002,-0.001,0.000,0.000,-0.000,-0.007,0,0,6,0
1,cylinder_stiff,780,97.064,0.573,-6.007,43.126,6.640,-2.896,47.345,0.000,-0.000,-0.007,0.000,-0.000,-0.007,0.002,-0.001,0.000,0.000,-0.000,-0.007,0,0,6,0
1,cylinder_stiff,800,97.768,-0.407,-14.631,29.538,5.464,8.472,34.389,0.000,-0.000,-0.007,0.000,-0.000,-0.007,0.002,-0.001,0.000,0.000,-0.000,-0.007,0,0,6,0
1,cylinder_stiff,820,98.472,-0.211,-8.555,22.270,-5.904,2.200,41.973,0.000,-0.000,-0.007,0.000,-0.000,-0.007,0.002,-0.001,0.000,0.000,-0.000,-0.007,0,0,6,0
1,cylinder_stiff,840,99.088,-1.779,-12.279,32.066,0.956,0.828,32.177,0.000,-0.000,-0.007,0.000,-0.000,-0.007,0.002,-0.001,0.000,0.000,-0.000,-0.007,0,0,6,0
1,cylinder_stiff,860,99.704,6.453,-0.911,33.962,4.484,0.436,41.657,0.000,-0.000,-0.007,0.000,-0.000,-0.007,0.002,-0.001,0.000,0.000,-0.000,-0.007,0,0,6,0
1,cylinder_stiff,880,100.408,0.573,-3.263,30.486,0.563,7.100,27.753,0.000,-0.000,-0.007,0.000,-0.000,-0.007,0.002,-0.001,0.000,0.000,-0.000,-0.007,0,0,6,0
1,cylinder_stiff,900,101.112,2.141,-1.891,36.174,-6.884,5.924,34.705,0.000,-0.000,-0.007,0.000,-0.000,-0.007,0.002,-0.001,0.000,0.000,-0.000,-0.007,0,0,6,0
1,cylinder_stiff,920,101.816,2.337,-11.103,29.854,-6.493,-2.896,40.393,0.000,-0.000,-0.007,0.000,-0.000,-0.007,0.002,-0.001,0.000,0.000,-0.000,-0.007,0,0,6,0
1,cylinder_stiff,940,102.432,-0.407,-4.047,34.594,-1.788,3.376,27.753,0.000,-0.000,-0.007,0.000,-0.000,-0.007,0.002,-0.001,0.000,0.000,-0.000,-0.007,0,0,6,0
1,cylinder_stiff,960,102.960,7.825,-6.399,32.382,-1.592,2.592,36.601,0.000,-0.000,-0.007,0.000,-0.000,-0.007,0.002,-0.001,0.000,0.000,-0.000,-0.007,0,0,6,0
1,cylinder_stiff,980,103.400,-4.327,-7.967,42.494,2.132,1.808,38.497,0.000,-0.000,-0.007,0.000,-0.000,-0.007,0.002,-0.001,0.000,0.000,-0.000,-0.007,0,0,6,0
1,cylinder_stiff,1000,103.400,14.097,-5.615,41.230,-1.592,2.396,37.549,0.000,-0.000,-0.007,0.000,-0.000,-0.007,0.002,-0.001,0.000,0.000,-0.000,-0.007,0,0,6,0
1,cylinder_stiff,1020,103.400,10.961,-2.283,41.546,-11.196,5.532,52.085,0.000,-0.000,-0.007,0.000,-0.000,-0.007,0.002,-0.001,0.000,0.000,-0.000,-0.007,0,0,6,0
1,cylinder_stiff,1040,103.400,17.037,-12.475,33.014,0.368,5.140,31.545,0.000,-0.000,-0.007,0.000,-0.000,-0.007,0.002,-0.001,0.000,0.000,-0.000,-0.007,0,0,6,0
1,cylinder_stiff,1060,103.400,1.357,-14.239,50.710,1.740,-0.348,30.597,0.000,-0.000,-0.007,0.000,-0.000,-0.007,0.002,-0.001,0.000,0.000,-0.000,-0.007,0,0,6,0
1,cylinder_stiff,1080,103.400,3.905,-13.455,47.234,-2.572,0.828,27.753,0.000,-0.000,-0.007,0.000,-0.000,-0.007,0.002,-0.001,0.000,0.000,-0.000,-0.007,0,0,6,0
1,cylinder_stiff,1100,103.488,11.353,-8.947,45.022,-3.552,-3.092,30.597,0.000,-0.000,-0.007,0.000,-0.000,-0.007,0.002,-0.001,0.000,0.000,-0.000,-0.007,0,0,6,0
1,cylinder_stiff,1120,103.400,16.253,-19.923,49.130,-2.572,11.020,27.121,0.000,-0.000,-0.007,0.000,-0.000,-0.007,0.002,-0.001,0.000,0.000,-0.000,-0.007,0,0,6,0
1,cylinder_stiff,1140,103.400,8.021,-4.047,50.394,-8.452,-4.660,30.281,0.000,-0.000,-0.007,0.000,-0.000,-0.007,0.002,-0.001,0.000,0.000,-0.000,-0.007,0,0,6,0
1,cylinder_stiff,1160,103.400,4.689,-20.119,50.078,-2.965,-2.700,49.557,0.000,-0.000,-0.007,0.000,-0.000,-0.007,0.002,-0.001,0.000,0.000,-0.000,-0.007,0,0,6,0
1,cylinder_stiff,1180,103.400,14.097,-3.459,38.070,-3.160,5.140,23.645,0.000,-0.000,-0.007,0.000,-0.000,-0.007,0.002,-0.001,0.000,0.000,-0.000,-0.007,0,0,6,0
1,cylinder_stiff,1200,103.400,15.861,-14.631,48.814,-0.808,-3.680,37.549,0.000,-0.000,-0.007,0.000,-0.000,-0.007,0.002,-0.001,0.000,0.000,-0.000,-0.007,0,0,6,0
1,cylinder_stiff,1220,103.400,12.725,-12.279,40.282,-0.220,3.964,32.177,0.000,-0.000,-0.007,0.000,-0.000,-0.007,0.002,-0.001,0.000,0.000,-0.000,-0.007,0,0,6,0
1,cylinder_stiff,1240,103.400,14.489,-2.675,52.922,-1.004,1.024,29.965,0.000,-0.000,-0.007,0.000,-0.000,-0.007,0.002,-0.001,0.000,0.000,-0.000,-0.007,0,0,6,0
1,cylinder_stiff,1260,103.400,10.177,-9.927,45.022,-0.612,9.844,26.489,0.000,-0.000,-0.007,0.000,-0.000,-0.007,0.002,-0.001,0.000,0.000,-0.000,-0.007,0,0,6,0
1,cylinder_stiff,1280,103.400,11.353,-1.107,53.554,4.876,-0.544,34.073,0.000,-0.000,-0.007,0.000,-0.000,-0.007,0.002,-0.001,0.000,0.000,-0.000,-0.007,0,0,6,0
1,cylinder_stiff,1300,103.400,16.449,-0.519,50.078,1.544,0.632,25.541,0.000,-0.000,-0.007,0.000,-0.000,-0.007,0.002,-0.001,0.000,0.000,-0.000,-0.007,0,0,6,0
1,cylinder_stiff,1320,103.400,15.077,-19.139,48.498,4.876,4.944,39.761,0.000,-0.000,-0.007,0.000,-0.000,-0.007,0.002,-0.001,0.000,0.000,-0.000,-0.007,0,0,6,0
1,cylinder_stiff,1340,103.400,12.921,-6.399,47.550,-1.396,-8.776,29.017,0.000,-0.000,-0.007,0.000,-0.000,-0.007,0.002,-0.001,0.000,0.000,-0.000,-0.007,0,0,6,0
1,cylinder_stiff,1360,103.400,11.353,-14.043,42.810,-6.296,-6.816,25.857,0.000,-0.000,-0.007,0.000,-0.000,-0.007,0.002,-0.001,0.000,0.000,-0.000,-0.007,0,0,6,0
1,cylinder_stiff,1380,103.400,18.997,-14.435,41.862,2.720,-4.856,36.285,0.000,-0.000,-0.007,0.000,-0.000,-0.007,0.002,-0.001,0.000,0.000,-0.000,-0.007,0,0,6,0
1,cylinder_stiff,1400,103.400,10.961,-15.415,39.650,5.072,-1.720,36.601,0.000,-0.000,-0.007,0.000,-0.000,-0.007,0.002,-10567.340,12943.360,0.000,-0.000,-0.007,0,0,6,0
1,cylinder_stiff,1420,103.400,9.589,-10.515,53.554,-7.080,-6.424,26.805,0.000,-0.000,-0.007,0.000,-0.000,-0.007,0.002,-0.001,0.000,0.000,-0.000,-0.007,0,0,6,0
1,cylinder_stiff,1440,103.400,19.193,-10.515,43.126,8.012,-5.052,32.177,0.000,-0.000,-0.007,0.000,-0.000,-0.007,0.002,-0.001,0.000,0.000,-0.000,-0.007,0,0,6,0
1,cylinder_stiff,1460,103.400,10.961,-9.143,70.302,-11.588,7.492,41.973,0.000,-0.000,-0.007,0.000,-0.000,-0.007,0.002,-0.001,0.000,0.000,-0.000,-0.007,0,0,6,0
1,cylinder_stiff,1480,103.400,7.041,-10.711,66.826,-0.612,-9.560,32.809,0.000,-0.000,-0.007,0.000,-0.000,-0.007,0.002,-0.001,0.000,0.000,-0.000,-0.007,0,0,6,0
1,cylinder_stiff,1500,103.400,15.665,-9.535,47.550,2.132,-1.328,31.861,0.000,-0.000,-0.007,0.000,-0.000,-0.007,0.002,-0.001,0.000,0.000,-0.000,-0.007,0,0,6,0
1,cylinder_stiff,1520,103.488,3.317,1.833,55.766,3.112,1.416,30.281,0.000,-0.000,-0.007,0.000,-0.000,-0.007,0.002,-0.001,0.000,0.000,-0.000,-0.007,0,0,6,0
1,cylinder_stiff,1540,103.400,15.861,-3.263,51.658,2.327,4.160,27.753,0.000,-0.000,-0.007,0.000,-0.000,-0.007,0.002,-0.001,0.000,0.000,-0.000,-0.007,0,0,6,0
1,cylinder_stiff,1560,103.400,13.509,-16.199,62.402,9.972,-2.504,39.445,0.000,-0.000,-0.007,0.000,-0.000,-0.007,0.002,-0.001,0.000,0.000,-0.000,-0.007,0,0,6,0
1,cylinder_stiff,1580,103.400,2.925,-10.711,41.546,0.760,6.708,28.069,0.000,-0.000,-0.007,0.000,-0.000,-0.007,0.002,-0.001,0.000,0.000,-0.000,-0.007,0,0,6,0
1,cylinder_stiff,1600,103.400,9.001,-17.767,51.658,5.268,-0.152,28.385,0.000,-0.000,-0.007,0.000,-0.000,-0.007,0.002,-0.001,0.000,0.000,-0.000,-0.007,0,0,6,0
1,cylinder_stiff,1620,103.400,8.609,-11.299,52.290,-3.748,-9.560,27.753,0.000,-0.000,-0.007,0.000,-0.000,-0.007,0.002,-0.001,0.000,0.000,-0.000,-0.007,0,0,6,0
1,cylinder_stiff,1640,103.400,15.469,-3.655,47.550,-1.201,-5.444,28.385,0.000,-0.000,-0.007,0.000,-0.000,-0.007,0.002,-0.001,0.000,0.000,-0.000,-0.007,0,0,6,0
1,cylinder_stiff,1660,103.400,9.981,-20.119,56.714,-5.708,-4.660,37.549,0.000,-0.000,-0.007,0.000,-0.000,-0.007,0.002,-0.001,0.000,0.000,-0.000,-0.007,0,0,6,0
1,cylinder_stiff,1680,103.400,9.001,-19.727,49.446,5.660,2.200,20.169,0.000,-0.000,-0.007,0.000,-0.000,-0.007,0.002,-0.001,0.000,0.000,-0.000,-0.007,0,0,6,0
1,cylinder_stiff,1700,103.400,10.961,-13.259,48.182,-1.396,-2.896,39.129,0.000,-0.000,-0.007,0.000,-0.000,-0.007,0.002,-0.001,0.000,0.000,-0.000,-0.007,0,0,6,0
1,cylinder_stiff,1720,103.400,12.725,-1.303,57.662,-3.356,-2.700,17.957,0.000,-0.000,-0.007,0.000,-0.000,-0.007,0.002,-0.001,0.000,0.000,-0.000,-0.007,0,0,6,0
1,cylinder_stiff,1740,103.400,18.997,-3.459,49.762,9.776,-7.796,33.441,0.000,-0.000,-0.007,0.000,-0.000,-0.007,0.002,-0.001,0.000,0.000,-0.000,-0.007,0,0,6,0
1,cylinder_stiff,1760,103.400,9.589,-12.671,46.918,0.172,-0.152,42.289,0.000,-0.000,-0.007,0.000,-0.000,-0.007,0.002,-0.001,0.000,0.000,-0.000,-0.007,0,0,6,0
1,cylinder_stiff,1780,103.400,12.333,-10.711,47.550,-6.100,-2.112,19.537,0.000,-0.000,-0.007,0.000,-0.000,-0.007,0.002,-0.001,0.000,0.000,-0.000,-0.007,0,0,6,0
1,cylinder_stiff,1800,103.400,10.765,-4.635,52.290,-6.493,-7.404,29.333,0.000,-0.000,-0.007,0.000,-0.000,-0.007,0.002,-0.001,0.000,0.000,-0.000,-0.007,0,0,6,0
1,cylinder_stiff,1820,103.400,14.685,-8.163,58.294,-0.612,-4.268,31.861,0.000,-0.000,-0.007,0.000,-0.000,-0.007,0.002,-0.001,0.000,0.000,-0.000,-0.007,0,0,6,0
1,cylinder_stiff,1840,103.488,5.865,-1.107,42.494,-0.416,0.632,27.753,0.000,-0.000,-0.007,0.000,-0.000,-0.007,0.002,-0.001,0.000,0.000,-0.000,-0.007,0,0,6,0
1,cylinder_stiff,1860,103.400,13.705,-13.063,35.226,4.484,-2.896,35.021,0.000,-0.000,-0.007,0.000,-0.000,-0.007,0.002,-0.001,0.000,0.000,-0.000,-0.007,0,1,6,1860
2,cylinder_stiff,5,60.720,19.781,-7.183,50.078,-4.729,2.200,16.693,0.000,-0.000,-0.007,0.000,-0.000,-0.007,0.002,-0.001,0.000,0.000,-0.000,-0.007,1,0,5,0
2,cylinder_stiff,25,60.808,6.845,11.045,20.058,-8.452,5.728,15.113,0.000,-0.000,-0.007,0.000,-0.000,-0.007,0.002,-0.001,0.000,0.000,-0.000,-0.007,0,0,5,0
2,cylinder_stiff,43,60.984,4.689,11.045,29.222,-1.592,5.336,9.741,0.000,-0.000,-0.007,0.000,-0.000,-0.007,0.002,-0.001,0.000,0.000,-0.000,-0.007,0,0,5,0
2,cylinder_stiff,61,61.512,-8.247,3.989,30.486,0.172,11.216,13.533,0.000,-0.000,-0.007,0.000,-0.000,-0.007,0.002,-0.001,0.000,0.000,-0.000,-0.007,0,0,5,0
2,cylinder_stiff,80,62.128,6.649,6.929,27.642,-4.532,1.808,9.741,0.000,-0.000,-0.007,0.000,-0.000,-0.007,0.002,-0.001,0.000,0.000,-0.000,-0.007,0,0,5,0
2,cylinder_stiff,100,63.008,-2.367,-8.555,15.950,-1.004,2.592,15.745,0.000,-0.000,-0.007,0.000,-0.000,-0.007,0.002,-0.001,0.000,0.000,-0.000,-0.007,0,0,5,0
2,cylinder_stiff,120,63.888,-2.171,-1.303,15.634,-0.220,14.548,9.741,0.000,-0.000,-0.007,0.000,-0.000,-0.007,0.002,-0.001,0.000,0.000,-0.000,-0.007,0,0,5,0
2,cylinder_stiff,140,64.768,-1.779,1.833,14.054,-7.472,-4.660,11.953,0.000,-0.000,-0.007,0.000,-0.000,-0.007,0.002,-0.001,0.000,0.000,-0.000,-0.007,0,0,5,0
2,cylinder_stiff,160,65.736,-8.835,0.069,20.690,-6.493,0.436,12.901,0.000,-0.000,-0.007,0.000,-0.000,-0.007,0.002,-0.001,0.000,0.000,-0.000,-0.007,0,0,5,0
2,cylinder_stiff,180,66.880,-2.563,-2.283,33.646,-6.100,-2.700,7.529,0.000,-0.000,-0.007,0.000,-0.000,-0.007,0.002,-0.001,0.000,0.000,-0.000,-0.007,0,0,5,0
2,cylinder_stiff,200,68.024,4.297,-10.907,31.750,-5.120,2.396,6.581,0.000,-0.000,-0.007,0.000,-0.000,-0.007,0.002,-0.001,0.000,0.000,-0.000,-0.007,0,0,5,0
2,cylinder_stiff,220,69.168,-1.191,-0.323,24.482,-1.984,-0.544,8.793,0.000,-0.000,-0.007,0.000,-0.000,-0.007,0.002,-0.001,0.000,0.000,-0.000,-0.007,0,0,5,0
2,cylinder_stiff,240,70.224,5.865,-4.439,27.958,-2.180,1.808,14.481,0.000,-0.000,-0.007,0.000,-0.000,-0.007,0.002,-0.001,0.000,0.000,-0.000,-0.007,0,0,5,0
2,cylinder_stiff,260,71.368,-3.347,-11.887,20.058,-3.552,-7.600,3.737,0.000,-0.000,-0.007,0.000,-0.000,-0.007,0.002,-0.001,0.000,0.000,-0.000,-0.007,0,0,5,0
2,cylinder_stiff,280,72.424,-1.779,-11.103,25.114,-4.336,-1.132,25.541,0.000,-0.000,-0.007,0.000,-0.000,-0.007,0.002,-0.001,0.000,0.000,-0.000,-0.007,0,0,5,0
2,cylinder_stiff,300,73.568,-5.895,2.225,31.750,-0.612,-6.620,21.433,0.000,-0.000,-0.007,0.000,-0.000,-0.007,0.002,-0.001,0.000,0.000,-0.000,-0.007,0,0,5,0
2,cylinder_stiff,320,74.712,-0.211,-4.047,30.170,1.152,-12.304,13.217,0.000,-0.000,-0.007,0.000,-0.000,-0.007,0.002,-0.001,0.000,0.000,-0.000,-0.007,0,0,5,0
2,cylinder_stiff,340,75.856,5.081,-1.695,26.694,9.188,1.416,-2.583,0.000,-0.000,-0.007,0.000,-0.000,-0.007,0.002,-0.001,0.000,0.000,-0.000,-0.007,0,0,5,0
2,cylinder_stiff,360,77.000,0.573,-1.695,32.382,-1.788,-4.464,18.273,0.000,-0.000,-0.007,0.000,-0.000,-0.007,0.002,-0.001,0.000,0.000,-0.000,-0.007,0,0,5,0
2,cylinder_stiff,380,78.144,-9.423,-3.263,25.746,-14.332,-0.544,13.217,0.000,-0.000,-0.007,0.000,-0.000,-0.007,0.002,-0.001,0.000,0.000,-0.000,-0.007,0,0,5,0
2,cylinder_stiff,400,79.288,3.317,0.657,27.326,0.760,-3.484,18.273,0.000,-0.000,-0.007,0.000,-0.000,-0.007,0.002,-0.001,0.000,0.000,-0.000,-0.007,0,0,5,0
2,cylinder_stiff,420,80.432,-5.699,-10.711,25.746,-13.156,-7.208,18.905,0.000,-0.000,-0.007,0.000,-0.000,-0.007,0.002,-0.001,0.000,0.000,-0.000,-0.007,0,0,5,0
2,cylinder_stiff,440,81.488,-10.599,-6.987,17.846,7.424,5.924,23.013,0.000,-0.000,-0.007,0.000,-0.000,-0.007,0.002,-0.001,0.000,0.000,-0.000,-0.007,0,0,5,0
2,cylinder_stiff,460,82.456,8.217,-0.127,35.226,-4.336,-5.640,28.701,0.000,-0.000,-0.007,0.000,-0.000,-0.007,0.002,-0.001,0.000,0.000,-0.000,-0.007,0,0,5,0
2,cylinder_stiff,480,83.512,-0.603,-8.947,31.118,3.504,-3.484,33.757,0.000,-0.000,-0.007,0.000,-0.000,-0.007,0.002,-0.001,0.000,0.000,-0.000,-0.007,0,0,5,0
2,cylinder_stiff,500,84.568,-7.463,-8.163,26.694,-3.356,-12.304,10.057,0.000,-0.000,-0.007,0.000,-0.000,-0.007,0.002,-0.001,0.000,0.000,-0.000,-0.007,0,0,5,0
2,cylinder_stiff,520,85.448,6.649,-4.439,41.230,-3.944,-1.720,45.765,0.000,-0.000,-0.007,0.000,-0.000,-0.007,0.002,-0.001,0.000,0.000,-0.000,-0.007,0,0,5,0
2,cylinder_stiff,540,86.416,-2.955,-6.007,31.118,0.368,4.160,47.029,0.000,-0.000,-0.007,0.000,-0.000,-0.007,0.002,-0.001,0.000,0.000,-0.000,-0.007,0,0,5,0
2,cylinder_stiff,560,87.472,-0.603,-3.459,34.594,5.660,7.492,17.641,0.000,-0.000,-0.007,0.000,-0.000,-0.007,0.002,-0.001,0.000,0.000,-0.000,-0.007,0,0,5,0
2,cylinder_stiff,580,88.352,1.945,-3.655,29.854,-0.612,-1.916,33.441,0.000,-0.000,-0.007,0.000,-0.000,-0.007,0.002,-0.001,0.000,0.000,-0.000,-0.007,0,0,5,0
2,cylinder_stiff,600,89.320,2.729,-5.811,26.694,2.524,3.572,49.557,0.000,-0.000,-0.007,0.000,-0.000,-0.007,0.002,-0.001,0.000,0.000,-0.000,-0.007,0,0,5,0
2,cylinder_stiff,620,90.200,5.081,-9.535,33.962,3.112,-3.288,35.337,0.000,-0.000,-0.007,0.000,-0.000,-0.007,0.002,-0.001,0.000,0.000,-0.000,-0.007,0,0,5,0
2,cylinder_stiff,640,91.080,5.473,-10.907,43.442,-10.412,5.532,45.133,0.000,-0.000,-0.007,0.000,-0.000,-0.007,0.002,-0.001,0.000,0.000,-0.000,-0.007,0,0,5,0
2,cylinder_stiff,660,91.960,-2.171,-11.299,30.170,-1.788,-2.896,38.181,0.000,-0.000,-0.007,0.000,-0.000,-0.007,0.002,-0.001,0.000,0.000,-0.000,-0.007,0,0,5,0
2,cylinder_stiff,680,92.752,0.573,-3.263,29.538,4.091,9.452,31.229,0.000,-0.000,-0.007,0.000,-0.000,-0.007,0.002,-0.001,0.000,0.000,-0.000,-0.007,0,0,5,0
2,cylinder_stiff,700,93.632,0.181,-2.479,25.114,-13.156,4.356,25.857,0.000,-0.000,-0.007,0.000,-0.000,-0.007,0.002,-0.001,0.000,0.000,-0.000,-0.007,0,0,5,0
2,cylinder_stiff,720,94.600,-5.111,-9.535,38.386,6.836,11.608,46.713,0.000,-0.000,-0.007,0.000,-0.000,-0.007,0.002,-0.001,0.000,0.000,-0.000,-0.007,0,0,5,0
2,cylinder_stiff,740,95.480,4.885,-8.555,51.026,2.916,8.080,38.813,0.000,-0.000,-0.007,0.000,-0.000,-0.007,0.002,-0.001,0.000,0.000,-0.000,-0.007,0,0,5,0
2,cylinder_stiff,760,96.360,3.513,-13.455,34.278,2.132,11.412,40.709,0.000,-0.000,-0.007,0.000,-0.000,-0.007,0.002,-0.001,0.000,0.000,-0.000,-0.007,0,0,5,0
2,cylinder_stiff,780,97.152,1.357,-7.575,23.534,2.720,-0.740,29.649,0.000,-0.000,-0.007,0.000,-0.000,-0.007,0.002,-0.001,0.000,0.000,-0.000,-0.007,0,0,5,0
2,cylinder_stiff,800,97.768,-2.955,-8.163,19.110,-2.180,-4.072,32.177,0.000,-0.000,-0.007,0.000,-0.000,-0.007,0.002,-0.001,0.000,0.000,-0.000,-0.007,0,0,5,0
2,cylinder_stiff,820,98.472,-1.387,-9.339,20.690,-6.493,5.336,38.497,0.000,-0.000,-0.007,0.000,-0.000,-0.007,0.002,-0.001,0.000,0.000,-0.000,-0.007,0,0,5,0
2,cylinder_stiff,840,99.176,-8.051,-2.283,33.330,0.172,7.100,39.761,0.000,-0.000,-0.007,0.000,-0.000,-0.007,0.002,-0.001,0.000,0.000,-0.000,-0.007,0,0,5,0
2,cylinder_stiff,860,99.704,-4.327,-9.143,27.326,-0.808,3.964,46.713,0.000,-0.000,-0.007,0.000,-0.000,-0.007,0.002,-0.001,0.000,0.000,-0.000,-0.007,0,0,5,0
2,cylinder_stiff,880,100.408,12.137,-6.595,40.282,1.936,10.628,44.817,0.000,-0.000,-0.007,0.000,-0.000,-0.007,0.002,-0.001,0.000,0.000,-0.000,-0.007,0,0,5,0
2,cylinder_stiff,900,101.112,-5.307,-9.535,22.902,-1.004,12.392,41.025,0.000,-0.000,-0.007,0.000,-0.000,-0.007,0.002,-0.001,0.000,0.000,-0.000,-0.007,0,0,5,0
2,cylinder_stiff,920,101.728,3.121,-4.831,24.166,1.740,7.884,23.961,0.000,-0.000,-0.007,0.000,-0.000,-0.007,0.002,-0.001,0.000,0.000,-0.000,-0.007,0,0,5,0
2,cylinder_stiff,940,102.432,0.573,-3.263,28.274,-8.257,2.592,41.973,0.000,-0.000,-0.007,0.000,-0.000,-0.007,0.002,-0.001,0.000,0.000,-0.000,-0.007,0,0,5,0
2,cylinder_stiff,960,102.872,11.941,-9.339,43.126,3.112,-4.856,29.649,0.000,-0.000,-0.007,0.000,-0.000,-0.007,0.002,-0.001,0.000,0.000,-0.000,-0.007,0,0,5,0
2,cylinder_stiff,980,103.136,4.885,-4.243,44.390,8.208,4.356,47.661,0.000,-0.000,-0.007,0.000,-0.000,-0.007,0.002,-0.001,0.000,0.000,-0.000,-0.007,0,0,5,0
2,cylinder_stiff,1000,103.312,1.945,-2.871,48.498,0.368,7.296,34.705,0.000,-0.000,-0.007,0.000,-0.000,-0.007,0.002,-0.001,0.000,0.000,-0.000,-0.007,0,0,5,0
2,cylinder_stiff,1020,103.312,11.157,-10.319,31.750,2.132,1.416,42.289,0.000,-0.000,-0.007,0.000,-0.000,-0.007,0.002,-0.001,0.000,0.000,-0.000,-0.007,0,0,5,0
2,cylinder_stiff,1040,103.312,6.453,-9.535,56.082,-6.688,-1.720,35.337,0.000,-0.000,-0.007,0.000,-0.000,-0.007,0.002,-0.001,0.000,0.000,-0.000,-0.007,0,0,5,0
2,cylinder_stiff,1060,103.312,15.861,-10.123,41.546,-3.552,4.356,33.441,0.000,-0.000,-0.007,0.000,-0.000,-0.007,0.002,-0.001,0.000,0.000,-0.000,-0.007,0,0,5,0
2,cylinder_stiff,1080,103.312,5.669,1.637,37.754,5.268,3.376,34.705,0.000,-0.000,-0.007,0.000,-0.000,-0.007,0.002,-0.001,0.000,0.000,-0.000,-0.007,0,0,5,0
2,cylinder_stiff,1100,103.312,9.197,-4.439,25.746,-6.493,5.728,47.661,0.000,-0.000,-0.007,0.000,-0.000,-0.007,0.002,-0.001,0.000,0.000,-0.000,-0.007,0,0,5,0
2,cylinder_stiff,1120,103.312,9.197,-7.967,39.966,3.112,-1.524,41.341,0.000,-0.000,-0.007,0.000,-0.000,-0.007,0.002,-0.001,0.000,0.000,-0.000,-0.007,0,0,5,0
2,cylinder_stiff,1140,103.312,5.669,-8.751,46.918,0.563,-1.524,44.501,0.000,-0.000,-0.007,0.000,-0.000,-0.007,0.002,-0.001,0.000,0.000,-0.000,-0.007,0,0,5,0
2,cylinder_stiff,1160,103.312,5.473,-0.911,54.186,-5.708,-2.308,21.749,0.000,-0.000,-0.007,0.000,-0.000,-0.007,0.002,-0.001,0.000,0.000,-0.000,-0.007,0,0,5,0
2,cylinder_stiff,1180,103.312,10.569,-7.771,34.910,2.916,0.436,30.281,0.000,-0.000,-0.007,0.000,-0.000,-0.007,0.002,-0.001,0.000,0.000,-0.000,-0.007,0,0,5,0
2,cylinder_stiff,1200,103.312,9.001,-9.143,44.706,1.348,-0.348,25.225,0.000,-0.000,-0.007,0.000,-0.000,-0.007,0.002,-0.001,0.000,0.000,-0.000,-0.007,0,0,5,0
2,cylinder_stiff,1220,103.312,7.433,-14.827,39.334,-1.592,-4.856,32.177,0.000,-0.000,-0.007,0.000,-0.000,-0.007,0.002,-0.001,0.000,0.000,-0.000,-0.007,0,0,5,0
2,cylinder_stiff,1240,103.312,-1.191,-16.395,45.970,-0.024,7.296,29.965,0.000,-0.000,-0.007,0.000,-0.000,-0.007,0.002,-0.001,0.000,0.000,-0.000,-0.007,0,0,5,0
2,cylinder_stiff,1260,103.312,15.665,-8.947,46.286,3.112,2.984,41.341,0.000,-0.000,-0.007,0.000,-0.000,-0.007,0.002,-0.001,0.000,0.000,-0.000,-0.007,0,0,5,0
2,cylinder_stiff,1280,103.312,8.021,-2.087,48.498,7.424,-0.936,28.385,0.000,-0.000,-0.007,0.000,-0.000,-0.007,0.002,-0.001,0.000,0.000,-0.000,-0.007,0,0,5,0
2,cylinder_stiff,1300,103.312,10.765,-9.535,44.074,6.248,6.120,23.329,0.000,-0.000,-0.007,0.000,-0.000,-0.007,0.002,-0.001,0.000,0.000,-0.000,-0.007,0,0,5,0
2,cylinder_stiff,1320,103.312,9.785,-15.611,46.602,-1.592,5.336,21.749,0.000,-0.000,-0.007,0.000,-0.000,-0.007,0.002,-0.001,0.000,0.000,-0.000,-0.007,0,0,5,0
2,cylinder_stiff,1340,103.312,6.061,-13.259,38.702,4.288,4.552,24.909,0.000,-0.000,-0.007,0.000,-0.000,-0.007,0.002,-0.001,0.000,0.000,-0.000,-0.007,0,0,5,0
2,cylinder_stiff,1360,103.312,16.057,-18.747,45.654,-3.552,2.788,37.865,0.000,-0.000,-0.007,0.000,-0.000,-0.007,0.002,-0.001,0.000,0.000,-0.000,-0.007,0,0,5,0
2,cylinder_stiff,1380,103.312,17.233,-10.123,41.230,-0.024,3.964,43.869,0.000,-0.000,-0.007,0.000,-0.000,-0.007,0.002,-0.001,0.000,0.000,-0.000,-0.007,0,0,5,0
2,cylinder_stiff,1400,103.312,4.689,-16.983,49.446,-2.572,-17.400,44.501,0.000,-0.000,-0.007,0.000,-0.000,-0.007,0.002,-0.001,0.000,0.000,-0.000,-0.007,0,0,5,0
2,cylinder_stiff,1420,103.312,6.649,-11.103,51.342,0.956,4.160,34.705,0.000,-0.000,-0.007,0.000,-0.000,-0.007,0.002,-0.001,0.000,0.000,-0.000,-0.007,0,0,5,0
2,cylinder_stiff,1440,103.312,1.161,-12.083,45.022,0.760,2.984,40.077,0.000,-0.000,-0.007,0.000,-0.000,-0.007,0.002,-0.001,0.000,0.000,-0.000,-0.007,0,0,5,0
2,cylinder_stiff,1460,103.312,11.549,-10.123,38.702,7.619,-6.620,29.965,0.000,-0.000,-0.007,0.000,-0.000,-0.007,0.002,-0.001,0.000,0.000,-0.000,-0.007,0,0,5,0
2,cylinder_stiff,1480,103.312,5.081,-7.575,55.450,-9.432,-1.524,45.133,0.000,-0.000,-0.007,0.000,-0.000,-0.007,0.002,-0.001,0.000,0.000,-0.000,-0.007,0,0,5,0
2,cylinder_stiff,1500,103.312,11.745,-12.083,28.906,4.484,-1.916,29.017,0.000,-0.000,-0.007,0.000,-0.000,-0.007,0.002,-0.001,0.000,0.000,-0.000,-0.007,0,0,5,0
2,cylinder_stiff,1520,103.312,5.865,-5.811,50.394,-12.960,-3.288,26.805,0.000,-0.000,-0.007,0.000,-0.000,-0.007,0.002,-0.001,0.000,0.000,-0.000,-0.007,0,0,5,0
2,cylinder_stiff,1540,103.312,10.765,-10.319,43.758,-8.060,4.160,41.025,0.000,-0.000,-0.007,0.000,-0.000,-0.007,0.002,-0.001,0.000,0.000,-0.000,-0.007,0,0,5,0
2,cylinder_stiff,1560,103.312,13.901,-11.299,56.082,-4.336,-0.936,38.813,0.000,-0.000,-0.007,0.000,-0.000,-0.007,0.002,-0.001,0.000,0.000,-0.000,-0.007,0,0,5,0
2,cylinder_stiff,1580,103.312,21.153,-11.299,33.646,0.172,1.024,32.809,0.000,-0.000,-0.007,0.000,-0.000,-0.007,0.002,-0.001,0.000,0.000,-0.000,-0.007,0,0,5,0
2,cylinder_stiff,1600,103.312,9.393,-7.183,41.862,7.424,7.688,33.757,0.000,-0.000,-0.007,0.000,-0.000,-0.007,0.002,-0.001,0.000,0.000,-0.000,-0.007,0,0,5,0
2,cylinder_stiff,1620,103.312,12.333,-21.099,51.658,-3.552,0.044,26.805,0.000,-0.000,-0.007,0.000,-0.000,-0.007,0.002,-0.001,0.000,0.000,-0.000,-0.007,0,0,5,0
2,cylinder_stiff,1640,103.312,4.493,-6.007,51.974,-8.257,1.612,47.661,0.000,-0.000,-0.007,0.000,-0.000,-0.007,0.002,-0.001,0.000,0.000,-0.000,-0.007,0,0,5,0
2,cylinder_stiff,1660,103.312,11.745,-10.515,49.762,-1.788,3.964,24.593,0.000,-0.000,-0.007,0.000,-0.000,-0.007,0.002,-0.001,0.000,0.000,-0.000,-0.007,0,0,5,0
2,cylinder_stiff,1680,103.312,16.057,-11.299,44.706,-7.668,1.416,22.697,0.000,-0.000,-0.007,0.000,-0.000,-0.007,0.002,-0.001,0.000,0.000,-0.000,-0.007,0,0,5,0
2,cylinder_stiff,1700,103.312,9.001,-7.771,53.238,1.348,-10.736,26.805,0.000,-0.000,-0.007,0.000,-0.000,-0.007,0.002,-0.001,0.000,0.000,-0.000,-0.007,0,0,5,0
2,cylinder_stiff,1720,103.312,10.765,-16.395,47.234,-2.180,-7.992,33.757,0.000,-0.000,-0.007,0.000,-0.000,-0.007,0.002,-0.001,0.000,0.000,-0.000,-0.007,0,0,5,0
2,cylinder_stiff,1740,103.312,7.629,-6.399,29.854,-4.336,-0.740,31.545,0.000,-0.000,-0.007,0.000,-0.000,-0.007,0.002,-0.001,0.000,0.000,-0.000,-0.007,0,0,5,0
2,cylinder_stiff,1760,103.312,12.921,-16.787,55.450,-2.572,-6.620,30.913,0.000,-0.000,-0.007,0.000,-0.000,-0.007,0.002,-0.001,0.000,0.000,-0.000,-0.007,0,0,5,0
2,cylinder_stiff,1780,103.312,9.393,-15.415,51.974,-1.396,-5.052,27.437,0.000,-0.000,-0.007,0.000,-0.000,-0.007,0.002,-0.001,0.000,0.000,-0.000,-0.007,0,0,5,0
2,cylinder_stiff,1800,103.312,10.177,-6.399,45.970,5.268,-0.544,35.021,0.000,-0.000,-0.007,0.000,-0.000,-0.007,0.002,-0.001,0.000,0.000,-0.000,-0.007,0,0,5,0
2,cylinder_stiff,1820,103.312,8.805,-9.731,48.498,-2.572,-6.620,32.177,0.000,-0.000,-0.007,0.000,-0.000,-0.007,0.002,-0.001,0.000,0.000,-0.000,-0.007,0,0,5,0
2,cylinder_stiff,1840,103.312,0.181,-16.199,36.806,9.972,2.592,35.021,0.000,-0.000,-0.007,0.000,-0.000,-0.007,0.002,-0.001,0.000,0.000,-0.000,-0.007,0,1,5,1840
3,cylinder_soft,5,60.720,10.961,-10.515,41.862,-2.965,-1.524,30.281,0.000,-0.000,-0.007,0.000,-0.000,-0.007,0.002,-0.001,0.000,0.000,-0.000,-0.007,1,0,5,0
3,cylinder_soft,24,60.808,1.945,7.321,12.790,-2.572,12.392,5.001,0.000,-0.000,-0.007,0.000,-0.000,-0.007,0.002,-0.001,0.000,0.000,-0.000,-0.007,0,0,5,0
3,cylinder_soft,43,60.984,-1.387,-4.243,32.066,-5.120,-0.936,11.005,0.000,-0.000,-0.007,0.000,-0.000,-0.007,0.002,-0.001,0.000,0.000,-0.000,-0.007,0,0,5,0
3,cylinder_soft,61,61.424,6.061,6.733,25.746,2.524,-2.308,17.325,0.000,-0.000,-0.007,0.000,-0.000,-0.007,0.002,-0.001,0.000,0.000,-0.000,-0.007,0,0,5,0
3,cylinder_soft,80,62.128,3.513,7.517,24.798,0.172,8.668,23.645,0.000,-0.000,-0.007,0.000,-0.000,-0.007,0.002,-0.001,0.000,0.000,-0.000,-0.007,0,0,5,0
3,cylinder_soft,100,62.920,-1.975,1.441,26.062,10.364,1.808,4.053,0.000,-0.000,-0.007,0.000,-0.000,-0.007,0.002,-0.001,0.000,0.000,-0.000,-0.007,0,0,5,0
3,cylinder_soft,120,63.800,13.117,4.969,25.746,-6.100,-9.168,6.897,0.000,-0.000,-0.007,0.000,-0.000,-0.007,0.002,-0.001,0.000,0.000,-0.000,-0.007,0,0,5,0
3,cylinder_soft,140,64.768,4.101,-0.715,24.166,0.760,3.572,16.693,0.000,-0.000,-0.007,0.000,-0.000,-0.007,0.002,-0.001,0.000,0.000,-0.000,-0.007,0,0,5,0
3,cylinder_soft,160,65.736,10.765,-0.323,35.226,-8.648,-2.112,5.949,0.000,-0.000,-0.007,0.000,-0.000,-0.007,0.002,-0.001,0.000,0.000,-0.000,-0.007,0,0,5,0
3,cylinder_soft,180,66.880,-0.407,0.853,29.222,-8.648,-3.680,4.053,0.000,-0.000,-0.007,0.000,-0.000,-0.007,0.002,-0.001,0.000,0.000,-0.000,-0.007,0,0,5,0
3,cylinder_soft,200,68.024,4.101,-6.399,20.690,-3.160,1.024,11.005,0.000,-0.000,-0.007,0.000,-0.000,-0.007,0.002,-0.001,0.000,0.000,-0.000,-0.007,0,0,5,0
3,cylinder_soft,220,69.080,0.769,-5.419,19.110,-1.004,8.864,19.537,0.000,-0.000,-0.007,0.000,-0.000,-0.007,0.002,-0.001,0.000,0.000,-0.000,-0.007,0,0,5,0
3,cylinder_soft,240,70.224,5.277,3.989,20.690,0.563,4.552,11.953,0.000,-0.000,-0.007,0.000,-0.000,-0.007,0.002,-0.001,0.000,0.000,-0.000,-0.007,0,0,5,0
3,cylinder_soft,260,71.368,1.945,-2.675,33.014,4.876,0.436,14.481,0.000,-0.000,-0.007,0.000,-0.000,-0.007,0.002,-0.001,0.000,0.000,-0.000,-0.007,0,0,5,0
3,cylinder_soft,280,72.424,1.553,-3.263,12.790,-10.021,1.416,18.273,0.000,-0.000,-0.007,0.000,-0.000,-0.007,0.002,-0.001,0.000,0.000,-0.000,-0.007,0,0,5,0
3,cylinder_soft,300,73.568,1.161,-8.751,18.162,-2.376,-4.856,12.269,0.000,-0.000,-0.007,0.000,-0.000,-0.007,0.002,-0.001,0.000,0.000,-0.000,-0.007,0,0,5,0
3,cylinder_soft,320,74.624,-5.503,-2.871,30.170,1.936,-7.404,12.585,0.000,-0.000,-0.007,0.000,-0.000,-0.007,0.002,-0.001,0.000,0.000,-0.000,-0.007,0,0,5,0
3,cylinder_soft,340,75.680,7.433,-7.379,25.430,-10.216,3.768,16.061,0.000,-0.000,-0.007,0.000,-0.000,-0.007,0.002,-0.001,0.000,0.000,-0.000,-0.007,0,0,5,0
3,cylinder_soft,360,76.736,2.925,-4.439,18.162,-3.748,2.788,17.325,0.000,-0.000,-0.007,0.000,-0.000,-0.007,0.002,-0.001,0.000,0.000,-0.000,-0.007,0,0,5,0
3,cylinder_soft,380,77.792,8.413,-4.243,28.906,-7.864,-7.992,19.853,0.000,-0.000,-0.007,0.000,-0.000,-0.007,0.002,-0.001,0.000,0.000,-0.000,-0.007,0,0,5,0
3,cylinder_soft,400,78.760,2.337,1.441,28.590,-3.944,-1.720,29.017,0.000,-0.000,-0.007,0.000,-0.000,-0.007,0.002,-0.001,0.000,0.000,-0.000,-0.007,0,0,5,0
3,cylinder_soft,420,79.816,4.493,1.441,30.802,0.760,-0.936,28.385,0.000,-0.000,-0.007,0.000,-0.000,-0.007,0.002,-0.001,0.000,0.000,-0.000,-0.007,0,0,5,0
3,cylinder_soft,440,80.784,-0.603,-5.419,28.590,0.956,-5.248,36.917,0.000,-0.000,-0.007,0.000,-0.000,-0.007,0.002,-0.001,0.000,0.000,-0.000,-0.007,0,0,5,0
3,cylinder_soft,460,81.752,0.377,-9.143,19.426,-0.612,-15.048,40.709,0.000,-0.000,-0.007,0.000,-0.000,-0.007,0.002,-0.001,0.000,0.000,-0.000,-0.007,0,0,5,0
3,cylinder_soft,480,82.720,6.453,-1.891,22.902,-2.376,-12.892,34.073,0.000,-0.000,-0.007,0.000,-0.000,-0.007,0.002,-0.001,0.000,0.000,-0.000,-0.007,0,0,5,0
3,cylinder_soft,500,83.688,8.021,-9.731,24.482,-3.944,-11.912,51.769,0.000,-0.000,-0.007,0.000,-0.000,-0.007,0.002,-0.001,0.000,0.000,-0.000,-0.007,0,0,5,0
3,cylinder_soft,520,84.568,4.297,-7.575,14.686,-5.512,-11.912,37.233,0.000,-0.000,-0.007,0.000,-0.000,-0.007,0.002,-0.001,0.000,0.000,-0.000,-0.007,0,0,5,0
3,cylinder_soft,540,85.448,8.021,-10.711,16.266,-2.965,-4.464,27.121,0.000,-0.000,-0.007,0.000,-0.000,-0.007,0.002,-0.001,0.000,0.000,-0.000,-0.007,0,0,5,0
3,cylinder_soft,560,86.328,11.941,0.265,13.106,2.916,-5.444,21.117,0.000,-0.000,-0.007,0.000,-0.000,-0.007,0.002,-0.001,0.000,0.000,-0.000,-0.007,0,0,5,0
3,cylinder_soft,580,87.296,-3.935,0.265,19.742,-1.984,-16.224,36.917,0.000,-0.000,-0.007,0.000,-0.000,-0.007,0.002,-0.001,0.000,0.000,-0.000,-0.007,0,0,5,0
3,cylinder_soft,600,88.088,1.945,-7.183,15.634,3.308,-18.576,45.449,0.000,-0.000,-0.007,0.000,-0.000,-0.007,0.002,-0.001,0.000,0.000,-0.000,-0.007,0,0,5,0
3,cylinder_soft,620,89.056,4.101,2.029,9.314,2.132,-13.284,38.181,0.000,-0.000,-0.007,0.000,-0.000,-0.007,0.002,-0.001,0.000,0.000,-0.000,-0.007,0,0,5,0
3,cylinder_soft,640,89.936,-0.995,0.853,4.574,14.088,-12.304,36.601,0.000,-0.000,-0.007,0.000,-0.000,-0.007,0.002,-0.001,0.000,0.000,-0.000,-0.007,0,0,5,0
3,cylinder_soft,660,90.816,4.297,-9.535,11.210,-3.160,-15.636,46.081,0.000,-0.000,-0.007,0.000,-0.000,-0.007,0.002,-0.001,0.000,0.000,-0.000,-0.007,0,0,5,0
3,cylinder_soft,680,91.696,1.553,-2.479,10.894,3.700,-16.812,38.813,0.000,-0.000,-0.007,0.000,-0.000,-0.007,0.002,-0.001,0.000,0.000,-0.000,-0.007,0,0,5,0
3,cylinder_soft,700,92.576,2.729,-1.891,2.678,-7.472,-20.732,38.181,0.000,-0.000,-0.007,0.000,-0.000,-0.007,0.002,-0.001,0.000,0.000,-0.000,-0.007,0,0,5,0
3,cylinder_soft,720,93.544,-4.719,-8.751,1.730,-5.512,-16.028,44.817,0.000,-0.000,-0.007,0.000,-0.000,-0.007,0.002,-0.001,0.000,0.000,-0.000,-0.007,0,0,5,0
3,cylinder_soft,740,94.688,4.101,2.813,9.946,4.484,-21.908,53.665,0.000,-0.000,-0.007,0.000,-0.000,-0.007,0.002,-0.001,0.000,0.000,-0.000,-0.007,0,0,5,0
3,cylinder_soft,760,95.744,-4.327,3.597,4.890,-0.808,-20.536,48.925,0.000,-0.000,-0.007,0.000,-0.000,-0.007,0.002,-0.001,0.000,0.000,-0.000,-0.007,0,0,5,0
3,cylinder_soft,780,96.712,-5.895,0.657,11.210,0.956,-17.204,46.081,0.000,-0.000,-0.007,0.000,-0.000,-0.007,0.002,-0.001,0.000,0.000,-0.000,-0.007,0,0,5,0
3,cylinder_soft,800,97.504,-0.407,-4.439,14.370,-5.708,-20.732,41.025,0.000,-0.000,-0.007,0.000,-0.000,-0.007,0.002,-0.001,0.000,0.000,-0.000,-0.007,0,0,5,0
3,cylinder_soft,820,98.208,2.141,-4.243,17.846,1.544,-18.968,30.913,0.000,-0.000,-0.007,0.000,-0.000,-0.007,0.002,-0.001,0.000,0.000,-0.000,-0.007,0,0,5,0
3,cylinder_soft,840,98.824,1.945,-6.007,-0.798,1.544,-32.296,37.865,0.000,-0.000,-0.007,0.000,-0.000,-0.007,0.002,-0.001,0.000,0.000,-0.000,-0.007,0,0,5,0
3,cylinder_soft,860,99.440,0.377,4.577,6.154,0.172,-25.632,29.649,0.000,-0.000,-0.007,0.000,-0.000,-0.007,0.002,-0.001,0.000,0.000,-0.000,-0.007,0,0,5,0
3,cylinder_soft,880,99.968,-2.171,-2.087,6.786,-6.688,-18.380,41.657,0.000,-0.000,-0.007,0.000,-0.000,-0.007,0.002,-0.001,0.000,0.000,-0.000,-0.007,0,0,5,0
3,cylinder_soft,900,100.760,9.981,9.085,16.582,0.172,-20.732,40.393,0.000,-0.000,-0.007,0.000,-0.000,-0.007,0.002,-0.001,0.000,0.000,-0.000,-0.007,0,0,5,0
3,cylinder_soft,920,101.376,3.513,1.637,2.046,1.544,-13.480,44.501,0.000,-0.000,-0.007,0.000,-0.000,-0.007,0.002,-0.001,0.000,0.000,-0.000,-0.007,0,0,5,0
3,cylinder_soft,940,101.904,2.141,9.869,33.014,8.600,-20.340,30.913,0.000,-0.000,-0.007,0.000,-0.000,-0.007,0.002,-0.001,0.000,0.000,-0.000,-0.007,0,0,5,0
3,cylinder_soft,960,101.904,4.297,-0.911,22.586,-6.296,-24.652,30.597,0.000,-0.000,-0.007,0.000,-0.000,-0.007,0.002,-0.001,0.000,0.000,-0.000,-0.007,0,0,5,0
3,cylinder_soft,980,101.904,-7.463,-9.535,13.106,-9.040,-19.948,47.345,0.000,-0.000,-0.007,0.000,-0.000,-0.007,0.002,-0.001,0.000,0.000,-0.000,-0.007,0,0,5,0
3,cylinder_soft,1000,101.816,-0.799,-7.183,14.370,-3.552,-25.632,41.973,0.000,-0.000,-0.007,0.000,-0.000,-0.007,0.002,-0.001,0.000,0.000,-0.000,-0.007,0,0,5,0
3,cylinder_soft,1020,101.904,-3.543,-3.459,17.214,6.836,-17.204,21.117,0.000,-0.000,-0.007,0.000,-0.000,-0.007,0.002,-0.001,0.000,0.000,-0.000,-0.007,0,0,5,0
3,cylinder_soft,1040,101.904,6.061,-8.359,8.682,1.740,-24.260,28.385,0.000,-0.000,-0.007,0.000,-0.000,-0.007,0.002,-0.001,0.000,0.000,-0.000,-0.007,0,0,5,0
3,cylinder_soft,1060,101.904,1.749,4.969,9.630,6.640,-20.340,28.385,0.000,-0.000,-0.007,0.000,-0.000,-0.007,0.002,-0.001,0.000,0.000,-0.000,-0.007,0,0,5,0
3,cylinder_soft,1080,101.904,5.669,-5.223,8.682,-1.004,-20.536,41.973,0.000,-0.000,-0.007,0.000,-0.000,-0.007,0.002,-0.001,0.000,0.000,-0.000,-0.007,0,0,5,0
3,cylinder_soft,1100,101.904,4.689,-4.439,17.846,4.288,-20.536,30.281,0.000,-0.000,-0.007,0.000,-0.000,-0.007,0.002,-0.001,0.000,0.000,-0.000,-0.007,0,0,5,0
3,cylinder_soft,1120,101.904,2.533,5.753,16.898,-0.416,-27.200,31.861,0.000,-0.000,-0.007,0.000,-0.000,-0.007,0.002,-0.001,0.000,0.000,-0.000,-0.007,0,0,5,0
3,cylinder_soft,1140,101.816,11.745,1.637,9.630,6.248,-21.124,25.541,0.000,-0.000,-0.007,0.000,-0.000,-0.007,0.002,-0.001,0.000,0.000,-0.000,-0.007,0,0,5,0
3,cylinder_soft,1160,101.904,5.081,-11.103,17.214,-2.376,-14.264,37.549,0.000,-0.000,-0.007,0.000,-0.000,-0.007,0.002,-0.001,0.000,0.000,-0.000,-0.007,0,0,5,0
3,cylinder_soft,1180,101.904,-0.799,9.673,15.950,3.308,-21.320,39.445,0.000,-0.000,-0.007,0.000,-0.000,-0.007,0.002,-0.001,0.000,0.000,-0.000,-0.007,0,0,5,0
3,cylinder_soft,1200,101.904,-2.563,2.617,14.054,-1.396,-28.768,27.121,0.000,-0.000,-0.007,0.000,-0.000,-0.007,0.002,-0.001,0.000,0.000,-0.000,-0.007,0,0,5,0
3,cylinder_soft,1220,101.904,10.765,2.421,7.102,0.956,-20.536,37.549,0.000,-0.000,-0.007,0.000,-0.000,-0.007,0.002,-0.001,0.000,0.000,-0.000,-0.007,0,0,5,0
3,cylinder_soft,1240,101.816,4.101,-4.047,10.894,-5.708,-12.696,21.117,0.000,-0.000,-0.007,0.000,-0.000,-0.007,0.002,-0.001,0.000,0.000,-0.000,-0.007,0,0,5,0
3,cylinder_soft,1260,101.904,0.181,-7.771,10.262,8.600,-18.576,30.913,0.000,-0.000,-0.007,0.000,-0.000,-0.007,0.002,-0.001,0.000,0.000,-0.000,-0.007,0,0,5,0
3,cylinder_soft,1280,101.904,13.117,3.989,2.678,0.368,-17.008,19.221,0.000,-0.000,-0.007,0.000,-0.000,-0.007,0.002,-0.001,0.000,0.000,-0.000,-0.007,0,0,5,0
3,cylinder_soft,1300,101.904,3.317,-4.439,20.374,-1.788,-13.480,27.437,0.000,-0.000,-0.007,0.000,-0.000,-0.007,0.002,-0.001,0.000,0.000,-0.000,-0.007,0,0,5,0
3,cylinder_soft,1320,101.904,2.533,-3.851,8.682,5.855,-14.852,28.385,0.000,-0.000,-0.007,0.000,-0.000,-0.007,0.002,-0.001,0.000,0.000,-0.000,-0.007,0,0,5,0
3,cylinder_soft,1340,101.904,8.021,-7.575,22.270,9.383,-21.516,23.961,0.000,-0.000,-0.007,0.000,-0.000,-0.007,0.002,-0.001,0.000,0.000,-0.000,-0.007,0,0,5,0
3,cylinder_soft,1360,101.816,10.177,2.225,11.526,-0.416,-15.832,25.541,0.000,-0.000,-0.007,0.000,-0.000,-0.007,0.002,-0.001,0.000,0.000,-0.000,-0.007,0,0,5,0
3,cylinder_soft,1380,101.904,1.357,-7.967,8.050,0.563,-17.792,32.493,0.000,-0.000,-0.007,0.000,-0.000,-0.007,0.002,-0.001,0.000,0.000,-0.000,-0.007,0,0,5,0
3,cylinder_soft,1400,101.904,7.237,-7.967,20.058,5.268,-20.536,40.709,0.000,-0.000,-0.007,0.000,-0.000,-0.007,0.002,-0.001,0.000,0.000,-0.000,-0.007,0,0,5,0
3,cylinder_soft,1420,101.904,1.553,4.577,5.522,3.700,-17.400,27.437,0.000,-0.000,-0.007,0.000,-0.000,-0.007,0.002,-0.001,0.000,0.000,-0.000,-0.007,0,0,5,0
3,cylinder_soft,1440,101.904,6.061,-9.143,5.838,-4.729,-19.556,24.277,0.000,-0.000,-0.007,0.000,-0.000,-0.007,0.002,-0.001,0.000,0.000,-0.000,-0.007,0,0,5,0
3,cylinder_soft,1460,101.904,-1.779,0.069,13.738,2.916,-30.336,38.813,0.000,-0.000,-0.007,0.000,-0.000,-0.007,0.002,-0.001,0.000,0.000,-0.000,-0.007,0,0,5,0
3,cylinder_soft,1480,101.904,0.965,2.225,16.898,3.700,-21.124,14.797,0.000,-0.000,-0.007,0.000,-0.000,-0.007,0.002,-0.001,0.000,0.000,-0.000,-0.007,0,0,5,0
3,cylinder_soft,1500,101.904,4.101,-8.163,23.534,-0.612,-8.972,37.233,0.000,-0.000,-0.007,0.000,-0.000,-0.007,0.002,-0.001,0.000,0.000,-0.000,-0.007,0,0,5,0
3,cylinder_soft,1520,101.904,0.573,-6.007,17.530,9.776,-18.968,35.337,0.000,-0.000,-0.007,0.000,-0.000,-0.007,0.002,-0.001,0.000,0.000,-0.000,-0.007,0,0,5,0
3,cylinder_soft,1540,101.904,1.553,1.441,19.426,2.524,-21.124,38.497,0.000,-0.000,-0.007,0.000,-0.000,-0.007,0.002,-0.001,0.000,0.000,-0.000,-0.007,0,0,5,0
3,cylinder_soft,1560,101.816,7.237,-1.107,3.626,16.636,-16.028,37.549,0.000,-0.000,-0.007,0.000,-0.000,-0.007,0.002,-0.001,0.000,0.000,-0.000,-0.007,0,0,5,0
3,cylinder_soft,1580,101.904,15.861,-4.439,5.838,-4.336,-15.244,26.489,0.000,-0.000,-0.007,0.000,-0.000,-0.007,0.002,-0.001,0.000,0.000,-0.000,-0.007,0,0,5,0
3,cylinder_soft,1600,101.904,5.865,0.265,15.318,5.268,-11.520,35.653,0.000,-0.000,-0.007,0.000,-0.000,-0.007,0.002,-0.001,0.000,0.000,-0.000,-0.007,0,0,5,0
3,cylinder_soft,1620,101.904,3.709,-1.107,8.682,-3.552,-15.832,23.645,0.000,-0.000,-0.007,0.000,-0.000,-0.007,0.002,-0.001,0.000,0.000,-0.000,-0.007,0,0,5,0
3,cylinder_soft,1640,101.904,1.357,7.125,8.682,7.032,-23.084,21.433,0.000,-0.000,-0.007,0.000,-0.000,-0.007,0.002,-0.001,0.000,0.000,-0.000,-0.007,0,0,5,0
3,cylinder_soft,1660,101.904,2.337,2.029,19.110,-1.788,-8.580,35.337,0.000,-0.000,-0.007,0.000,-0.000,-0.007,0.002,-0.001,0.000,0.000,-0.000,-0.007,0,0,5,0
3,cylinder_soft,1680,101.904,8.609,4.381,10.578,-3.356,-16.616,39.761,0.000,-0.000,-0.007,0.000,-0.000,-0.007,0.002,-0.001,0.000,0.000,-0.000,-0.007,0,0,5,0
3,cylinder_soft,1700,101.904,5.865,1.049,19.110,-0.612,-22.104,32.177,0.000,-0.000,-0.007,0.000,-0.000,-0.007,0.002,-0.001,0.000,0.000,-0.000,-0.007,0,0,5,0
3,cylinder_soft,1720,101.904,2.337,-6.399,18.478,-1.592,-13.676,36.285,0.000,-0.000,-0.007,0.000,-0.000,-0.007,0.002,-0.001,0.000,0.000,-0.000,-0.007,0,0,5,0
3,cylinder_soft,1740,101.904,3.317,3.793,8.682,3.896,-18.380,26.173,0.000,-0.000,-0.007,0.000,-0.000,-0.007,0.002,-0.001,0.000,0.000,-0.000,-0.007,0,0,5,0
3,cylinder_soft,1760,101.816,-4.327,-6.791,19.110,12.520,-22.496,40.393,0.000,-0.000,-0.007,0.000,-0.000,-0.007,0.002,-0.001,0.000,0.000,-0.000,-0.007,0,0,5,0
3,cylinder_soft,1780,101.904,7.433,2.421,20.058,4.288,-20.732,37.233,0.000,-0.000,-0.007,0.000,-0.000,-0.007,0.002,-0.001,0.000,0.000,-0.000,-0.007,0,0,5,0
3,cylinder_soft,1800,101.904,6.061,-2.283,15.634,4.876,-20.732,24.593,0.000,-0.000,-0.007,0.000,-0.000,-0.007,0.002,-0.001,0.000,0.000,-0.000,-0.007,0,0,5,0
3,cylinder_soft,1820,101.904,2.533,0.265,10.578,8.208,-25.632,34.389,0.000,-0.000,-0.007,0.000,-0.000,-0.007,0.002,-0.001,0.000,0.000,-0.000,-0.007,0,0,5,0
3,cylinder_soft,1840,101.904,5.081,-4.831,-0.798,1.152,-21.908,27.121,0.000,-0.000,-0.007,0.000,-0.000,-0.007,0.002,-0.001,0.000,0.000,-0.000,-0.007,0,1,5,1840
4,cylinder_soft,6,60.720,0.769,-5.419,20.690,3.896,-15.636,25.225,0.000,-0.000,-0.007,0.000,-0.000,-0.007,0.002,-0.001,0.000,0.000,-0.000,-0.007,1,0,6,0
4,cylinder_soft,25,60.808,-0.603,2.029,18.478,-5.512,9.060,10.373,0.000,-0.000,-0.007,0.000,-0.000,-0.007,0.002,-0.001,0.000,0.000,-0.000,-0.007,0,0,6,0
4,cylinder_soft,44,60.984,-4.131,0.069,30.486,-0.612,-2.112,9.109,0.000,-0.000,-0.007,0.000,-0.000,-0.007,0.002,-0.001,0.000,0.000,-0.000,-0.007,0,0,6,0
4,cylinder_soft,62,61.424,-0.407,1.441,28.274,3.504,10.040,22.697,0.000,-0.000,-0.007,0.000,-0.000,-0.007,0.002,-0.001,0.000,0.000,-0.000,-0.007,0,0,6,0
4,cylinder_soft,80,62.128,0.181,-3.067,17.214,4.288,2.984,5.633,0.000,-0.000,-0.007,0.000,-0.000,-0.007,0.002,-0.001,0.000,0.000,-0.000,-0.007,0,0,6,0
4,cylinder_soft,100,62.920,7.629,3.009,19.110,3.504,11.216,19.537,0.000,-0.000,-0.007,0.000,-0.000,-0.007,0.002,-0.001,0.000,0.000,-0.000,-0.007,0,0,6,0
4,cylinder_soft,120,63.800,-3.739,-0.519,34.278,-2.572,-0.936,15.429,0.000,-0.000,-0.007,0.000,-0.000,-0.007,0.002,-0.001,0.000,0.000,-0.000,-0.007,0,0,6,0
4,cylinder_soft,140,64.680,0.965,9.281,26.062,-10.216,-0.348,4.685,0.000,-0.000,-0.007,0.000,-0.000,-0.007,0.002,-0.001,0.000,0.000,-0.000,-0.007,0,0,6,0
4,cylinder_soft,160,65.648,2.141,4.773,20.690,9.580,9.060,8.161,0.000,-0.000,-0.007,0.000,-0.000,-0.007,0.002,-0.001,0.000,0.000,-0.000,-0.007,0,0,6,0
4,cylinder_soft,180,66.792,6.453,3.793,23.850,-5.512,-2.504,7.213,0.000,-0.000,-0.007,0.000,-0.000,-0.007,0.002,-0.001,0.000,0.000,-0.000,-0.007,0,0,6,0
4,cylinder_soft,200,67.936,-2.563,-1.107,27.958,-4.140,-1.524,7.529,0.000,-0.000,-0.007,0.000,-0.000,-0.007,0.002,-0.001,0.000,0.000,-0.000,-0.007,0,0,6,0
4,cylinder_soft,220,69.080,-5.503,5.557,21.954,-0.612,1.612,4.053,0.000,-0.000,-0.007,0.000,-0.000,-0.007,0.002,-0.001,0.000,0.000,-0.000,-0.007,0,0,6,0
4,cylinder_soft,240,70.224,-1.583,-3.263,15.318,-4.532,5.728,26.173,0.000,-0.000,-0.007,0.000,-0.000,-0.007,0.002,-0.001,0.000,0.000,-0.000,-0.007,0,0,6,0
4,cylinder_soft,260,71.280,-2.563,-9.535,27.010,2.524,-5.836,4.369,0.000,-0.000,-0.007,0.000,-0.000,-0.007,0.002,-0.001,0.000,0.000,-0.000,-0.007,0,0,6,0
4,cylinder_soft,280,72.424,3.121,-4.047,25.430,-0.612,-8.580,11.637,0.000,-0.000,-0.007,0.000,-0.000,-0.007,0.002,-0.001,0.000,0.000,-0.000,-0.007,0,0,6,0
4,cylinder_soft,300,73.480,-4.915,-4.831,27.958,-3.944,-3.876,17.325,0.000,-0.000,-0.007,0.000,-0.000,-0.007,0.002,-0.001,0.000,0.000,-0.000,-0.007,0,0,6,0
4,cylinder_soft,320,74.624,-10.011,-7.379,28.590,-3.748,-8.188,23.645,0.000,-0.000,-0.007,0.000,-0.000,-0.007,0.002,-0.001,0.000,0.000,-0.000,-0.007,0,0,6,0
4,cylinder_soft,340,75.768,-4.719,-3.655,28.274,-5.512,-2.700,15.745,0.000,-0.000,-0.007,0.000,-0.000,-0.007,0.002,-0.001,0.000,0.000,-0.000,-0.007,0,0,6,0
4,cylinder_soft,360,76.824,4.689,-7.967,24.166,1.740,-2.504,19.853,0.000,-0.000,-0.007,0.000,-0.000,-0.007,0.002,-0.001,0.000,0.000,-0.000,-0.007,0,0,6,0
4,cylinder_soft,380,77.968,-6.679,-0.127,16.898,-2.965,-6.032,34.705,0.000,-0.000,-0.007,0.000,-0.000,-0.007,0.002,-0.001,0.000,0.000,-0.000,-0.007,0,0,6,0
4,cylinder_soft,400,78.936,-0.995,-5.615,18.162,5.464,-15.244,23.329,0.000,-0.000,-0.007,0.000,-0.000,-0.007,0.002,-0.001,0.000,0.000,-0.000,-0.007,0,0,6,0
4,cylinder_soft,420,79.992,-4.719,-2.087,23.850,0.368,-13.676,24.277,0.000,-0.000,-0.007,0.000,-0.000,-0.007,0.002,-0.001,0.000,0.000,-0.000,-0.007,0,0,6,0
4,cylinder_soft,440,80.960,11.745,-8.359,17.530,-7.864,-13.480,16.693,0.000,-0.000,-0.007,0.000,-0.000,-0.007,0.002,-0.001,0.000,0.000,-0.000,-0.007,0,0,6,0
4,cylinder_soft,460,81.928,-2.759,-0.519,16.582,-2.965,-9.756,22.381,0.000,-0.000,-0.007,0.000,-0.000,-0.007,0.002,-0.001,0.000,0.000,-0.000,-0.007,0,0,6,0
4,cylinder_soft,480,82.896,-0.211,-8.163,10.894,3.896,-19.556,28.069,0.000,-0.000,-0.007,0.000,-0.000,-0.007,0.002,-0.001,0.000,0.000,-0.000,-0.007,0,0,6,0
4,cylinder_soft,500,83.688,-0.015,-10.319,19.426,-7.864,-11.324,21.749,0.000,-0.000,-0.007,0.000,-0.000,-0.007,0.002,-0.001,0.000,0.000,-0.000,-0.007,0,0,6,0
4,cylinder_soft,520,84.568,5.865,-6.007,15.950,1.544,-11.520,21.117,0.000,-0.000,-0.007,0.000,-0.000,-0.007,0.002,-0.001,0.000,0.000,-0.000,-0.007,0,0,6,0
4,cylinder_soft,540,85.448,9.001,-8.163,23.218,-3.552,-20.928,20.485,0.000,-0.000,-0.007,0.000,-0.000,-0.007,0.002,-0.001,0.000,0.000,-0.000,-0.007,0,0,6,0
4,cylinder_soft,560,86.328,4.689,-6.007,20.374,-12.960,-14.068,25.541,0.000,-0.000,-0.007,0.000,-0.000,-0.007,0.002,-0.001,0.000,0.000,-0.000,-0.007,0,0,6,0
4,cylinder_soft,580,87.296,3.121,-3.263,18.794,8.796,-20.340,25.541,0.000,-0.000,-0.007,0.000,-0.000,-0.007,0.002,-0.001,0.000,0.000,-0.000,-0.007,0,0,6,0
4,cylinder_soft,600,88.088,2.925,3.205,15.002,-0.024,-16.224,26.173,0.000,-0.000,-0.007,0.000,-0.000,-0.007,0.002,-0.001,0.000,0.000,-0.000,-0.007,0,0,6,0
4,cylinder_soft,620,88.880,13.117,2.029,16.582,-0.024,-10.344,23.645,0.000,-0.000,-0.007,0.000,-0.000,-0.007,0.002,-0.001,0.000,0.000,-0.000,-0.007,0,0,6,0
4,cylinder_soft,640,89.760,0.965,4.577,7.734,3.504,-25.044,27.753,0.000,-0.000,-0.007,0.000,-0.000,-0.007,0.002,-0.001,0.000,0.000,-0.000,-0.007,0,0,6,0
4,cylinder_soft,660,90.552,4.101,-11.103,18.478,3.896,-21.712,30.281,0.000,-0.000,-0.007,0.000,-0.000,-0.007,0.002,-0.001,0.000,0.000,-0.000,-0.007,0,0,6,0
4,cylinder_soft,680,91.344,16.449,-3.263,12.474,7.816,-20.732,18.905,0.000,-0.000,-0.007,0.000,-0.000,-0.007,0.002,-0.001,0.000,0.000,-0.000,-0.007,0,0,6,0
4,cylinder_soft,700,92.048,0.377,0.657,14.370,-0.024,-17.596,29.017,0.000,-0.000,-0.007,0.000,-0.000,-0.007,0.002,-0.001,0.000,0.000,-0.000,-0.007,0,0,6,0
4,cylinder_soft,720,92.840,6.845,-4.635,8.050,4.288,-11.324,22.697,0.000,-0.000,-0.007,0.000,-0.000,-0.007,0.002,-0.001,0.000,0.000,-0.000,-0.007,0,0,6,0
4,cylinder_soft,740,93.720,-1.779,-0.519,12.158,1.740,-17.792,29.333,0.000,-0.000,-0.007,0.000,-0.000,-0.007,0.002,-0.001,0.000,0.000,-0.000,-0.007,0,0,6,0
4,cylinder_soft,760,94.776,-1.779,-12.279,7.102,9.776,-9.364,29.965,0.000,-0.000,-0.007,0.000,-0.000,-0.007,0.002,-0.001,0.000,0.000,-0.000,-0.007,0,0,6,0
4,cylinder_soft,780,95.656,1.357,-8.751,6.786,-0.808,-14.460,24.277,0.000,-0.000,-0.007,0.000,-0.000,-0.007,0.002,-0.001,0.000,0.000,-0.000,-0.007,0,0,6,0
4,cylinder_soft,800,96.624,7.237,-10.515,13.106,-0.808,-21.712,17.325,0.000,-0.000,-0.007,0.000,-0.000,-0.007,0.002,-0.001,0.000,0.000,-0.000,-0.007,0,0,6,0
4,cylinder_soft,820,97.504,0.769,-3.067,15.002,3.504,-15.048,15.745,0.000,-0.000,-0.007,0.000,-0.000,-0.007,0.002,-0.001,0.000,0.000,-0.000,-0.007,0,0,6,0
4,cylinder_soft,840,98.560,7.825,2.617,20.374,0.172,-17.988,32.809,0.000,-0.000,-0.007,0.000,-0.000,-0.007,0.002,-0.001,0.000,0.000,-0.000,-0.007,0,0,6,0
4,cylinder_soft,860,99.352,5.473,-5.811,13.422,3.896,-21.124,11.005,0.000,-0.000,-0.007,0.000,-0.000,-0.007,0.002,-0.001,0.000,0.000,-0.000,-0.007,0,0,6,0
4,cylinder_soft,880,100.056,11.157,-4.635,6.470,4.288,-19.556,34.073,0.000,-0.000,-0.007,0.000,-0.000,-0.007,0.002,-0.001,0.000,0.000,-0.000,-0.007,0,0,6,0
4,cylinder_soft,900,100.760,5.473,-13.651,7.734,-2.768,-20.144,32.177,0.000,-0.000,-0.007,0.000,-0.000,-0.007,0.002,-0.001,0.000,0.000,-0.000,-0.007,0,0,6,0
4,cylinder_soft,920,101.464,-3.347,-4.439,19.110,9.972,-20.732,29.017,0.000,-0.000,-0.007,0.000,-0.000,-0.007,0.002,-0.001,0.000,0.000,-0.000,-0.007,0,0,6,0
4,cylinder_soft,940,101.640,8.021,4.185,5.838,3.896,-24.848,29.333,0.000,-0.000,-0.007,0.000,-0.000,-0.007,0.002,-0.001,0.000,0.000,-0.000,-0.007,0,0,6,0
4,cylinder_soft,960,101.640,1.553,-6.595,17.214,7.228,-21.124,27.121,0.000,-0.000,-0.007,0.000,-0.000,-0.007,0.002,-0.001,0.000,0.000,-0.000,-0.007,0,0,6,0
4,cylinder_soft,980,101.640,3.513,1.049,19.110,-9.432,-24.260,21.433,0.000,-0.000,-0.007,0.000,-0.000,-0.007,0.002,-0.001,0.000,0.000,-0.000,-0.007,0,0,6,0
4,cylinder_soft,1000,101.640,9.001,-0.323,13.738,8.208,-12.304,22.697,0.000,-0.000,-0.007,0.000,-0.000,-0.007,0.002,-0.001,0.000,0.000,-0.000,-0.007,0,0,6,0
4,cylinder_soft,1020,101.552,3.905,-10.319,15.318,2.720,-16.420,28.701,0.000,-0.000,-0.007,0.000,-0.000,-0.007,0.002,-0.001,0.000,0.000,-0.000,-0.007,0,0,6,0
4,cylinder_soft,1040,101.640,17.821,5.557,19.110,4.876,-30.924,35.969,0.000,-0.000,-0.007,0.000,-0.000,-0.007,0.002,-0.001,0.000,0.000,-0.000,-0.007,0,0,6,0
4,cylinder_soft,1060,101.640,9.981,-5.811,20.690,-4.532,-24.064,33.441,0.000,-0.000,-0.007,0.000,-0.000,-0.007,0.002,-0.001,0.000,0.000,-0.000,-0.007,0,0,6,0
4,cylinder_soft,1080,101.640,-10.795,-4.439,26.378,11.736,-16.420,33.441,0.000,-0.000,-0.007,0.000,-0.000,-0.007,0.002,-0.001,0.000,0.000,-0.000,-0.007,0,0,6,0
4,cylinder_soft,1100,101.552,1.749,4.577,22.270,5.464,-25.632,31.545,0.000,-0.000,-0.007,0.000,-0.000,-0.007,0.002,-0.001,0.000,0.000,-0.000,-0.007,0,0,6,0
4,cylinder_soft,1120,101.640,-4.131,5.557,14.370,-6.688,-13.480,36.917,0.000,-0.000,-0.007,0.000,-0.000,-0.007,0.002,-0.001,0.000,0.000,-0.000,-0.007,0,0,6,0
4,cylinder_soft,1140,101.640,7.237,4.381,9.314,-0.024,-25.240,16.377,0.000,-0.000,-0.007,0.000,-0.000,-0.007,0.002,-0.001,0.000,0.000,-0.000,-0.007,0,0,6,0
4,cylinder_soft,1160,101.640,-0.211,2.617,15.950,6.640,-19.556,24.277,0.000,-0.000,-0.007,0.000,-0.000,-0.007,0.002,-0.001,0.000,0.000,-0.000,-0.007,0,0,6,0
4,cylinder_soft,1180,101.640,-2.171,-1.303,17.846,-1.592,-18.576,27.753,0.000,-0.000,-0.007,0.000,-0.000,-0.007,0.002,-0.001,0.000,0.000,-0.000,-0.007,0,0,6,0
4,cylinder_soft,1200,101.640,10.569,-2.283,11.842,1.740,-12.696,34.073,0.000,-0.000,-0.007,0.000,-0.000,-0.007,0.002,-0.001,0.000,0.000,-0.000,-0.007,0,0,6,0
4,cylinder_soft,1220,101.640,3.317,0.853,21.006,4.484,-19.556,33.757,0.000,-0.000,-0.007,0.000,-0.000,-0.007,0.002,-0.001,0.000,0.000,-0.000,-0.007,0,0,6,0
4,cylinder_soft,1240,101.640,14.489,-6.007,19.110,4.484,-15.636,30.281,0.000,-0.000,-0.007,0.000,-0.000,-0.007,0.002,-0.001,0.000,0.000,-0.000,-0.007,0,0,6,0
4,cylinder_soft,1260,101.640,-0.211,8.497,22.902,4.680,-17.008,20.801,0.000,-0.000,-0.007,0.000,-0.000,-0.007,0.002,-0.001,0.000,0.000,-0.000,-0.007,0,0,6,0
4,cylinder_soft,1280,101.640,9.393,-2.479,13.106,7.619,-14.656,26.489,0.000,-0.000,-0.007,0.000,-0.000,-0.007,0.002,-0.001,0.000,0.000,-0.000,-0.007,0,0,6,0
4,cylinder_soft,1300,101.640,-2.563,10.653,5.206,5.268,-14.656,15.429,0.000,-0.000,-0.007,0.000,-0.000,-0.007,0.002,-0.001,0.000,0.000,-0.000,-0.007,0,0,6,0
4,cylinder_soft,1320,101.640,0.573,2.225,12.790,0.760,-27.200,30.281,0.000,-0.000,-0.007,0.000,-0.000,-0.007,0.002,-0.001,0.000,0.000,-0.000,-0.007,0,0,6,0
4,cylinder_soft,1340,101.640,-1.583,3.205,21.006,-0.220,-18.772,28.385,0.000,-0.000,-0.007,0.000,-0.000,-0.007,0.002,-0.001,0.000,0.000,-0.000,-0.007,0,0,6,0
4,cylinder_soft,1360,101.640,2.925,2.225,10.894,9.776,-7.796,23.961,0.000,-0.000,-0.007,0.000,-0.000,-0.007,0.002,-0.001,0.000,0.000,-0.000,-0.007,0,0,6,0
4,cylinder_soft,1380,101.640,3.121,-4.635,17.846,-2.965,-10.736,20.485,0.000,-0.000,-0.007,0.000,-0.000,-0.007,0.002,-0.001,0.000,0.000,-0.000,-0.007,0,0,6,0
4,cylinder_soft,1400,101.640,8.413,0.657,24.166,6.836,-25.632,36.285,0.000,-0.000,-0.007,0.000,-0.000,-0.007,0.002,-0.001,0.000,0.000,-0.000,-0.007,0,0,6,0
4,cylinder_soft,1420,101.640,1.357,1.637,10.894,4.680,-17.988,37.865,0.000,-0.000,-0.007,0.000,-0.000,-0.007,0.002,-0.001,0.000,0.000,-0.000,-0.007,0,0,6,0
4,cylinder_soft,1440,101.640,3.513,5.753,10.262,1.740,-20.732,24.909,0.000,-0.000,-0.007,0.000,-0.000,-0.007,0.002,-0.001,0.000,0.000,-0.000,-0.007,0,0,6,0
4,cylinder_soft,1460,101.640,3.709,-2.479,14.054,4.680,-22.496,40.709,0.000,-0.000,-0.007,0.000,-0.000,-0.007,0.002,-0.001,0.000,0.000,-0.000,-0.007,0,0,6,0
4,cylinder_soft,1480,101.640,2.729,5.949,19.110,-0.024,-25.044,29.333,0.000,-0.000,-0.007,0.000,-0.000,-0.007,0.002,-0.001,0.000,0.000,-0.000,-0.007,0,0,6,0
4,cylinder_soft,1500,101.640,-1.387,1.049,0.466,-1.004,-23.084,33.757,0.000,-0.000,-0.007,0.000,-0.000,-0.007,0.002,-0.001,0.000,0.000,-0.000,-0.007,0,0,6,0
4,cylinder_soft,1520,101.640,-0.603,5.753,14.054,8.012,-14.852,23.961,0.000,-0.000,-0.007,0.000,-0.000,-0.007,0.002,-0.001,0.000,0.000,-0.000,-0.007,0,0,6,0
4,cylinder_soft,1540,101.640,-11.971,10.457,20.058,5.855,-27.396,18.589,0.000,-0.000,-0.007,0.000,-0.000,-0.007,0.002,-0.001,0.000,0.000,-0.000,-0.007,0,0,6,0
4,cylinder_soft,1560,101.640,3.513,2.421,13.422,4.680,-26.024,24.593,0.000,-0.000,-0.007,0.000,-0.000,-0.007,0.002,-0.001,0.000,0.000,-0.000,-0.007,0,0,6,0
4,cylinder_soft,1580,101.640,4.885,10.261,21.006,1.740,-9.952,26.173,0.000,-0.000,-0.007,0.000,-0.000,-0.007,0.002,-0.001,0.000,0.000,-0.000,-0.007,0,0,6,0
4,cylinder_soft,1600,101.640,5.473,2.225,19.742,3.504,-17.988,15.745,0.000,-0.000,-0.007,0.000,-0.000,-0.007,0.002,-0.001,0.000,0.000,-0.000,-0.007,0,0,6,0
4,cylinder_soft,1620,101.640,5.277,-9.535,18.162,8.992,-7.012,16.693,0.000,-0.000,-0.007,0.000,-0.000,-0.007,0.002,-0.001,0.000,0.000,-0.000,-0.007,0,0,6,0
4,cylinder_soft,1640,101.640,5.081,6.341,10.894,12.324,-22.496,24.909,0.000,-0.000,-0.007,0.000,-0.000,-0.007,0.002,-0.001,0.000,0.000,-0.000,-0.007,0,0,6,0
4,cylinder_soft,1660,101.640,5.473,6.537,17.846,4.091,-19.556,28.701,0.000,-0.000,-0.007,0.000,-0.000,-0.007,0.002,-0.001,0.000,0.000,-0.000,-0.007,0,0,6,0
4,cylinder_soft,1680,101.640,-6.875,3.793,10.894,1.740,-17.204,22.065,0.000,-0.000,-0.007,0.000,-0.000,-0.007,0.002,-0.001,0.000,0.000,-0.000,-0.007,0,0,6,0
4,cylinder_soft,1700,101.640,-7.659,5.361,8.998,0.956,-21.124,29.649,0.000,-0.000,-0.007,0.000,-0.000,-0.007,0.002,-0.001,0.000,0.000,-0.000,-0.007,0,0,6,0
4,cylinder_soft,1720,101.640,9.981,2.813,10.894,-1.592,-14.264,30.281,0.000,-0.000,-0.007,0.000,-0.000,-0.007,0.002,-0.001,0.000,0.000,-0.000,-0.007,0,0,6,0
4,cylinder_soft,1740,101.640,6.649,1.441,9.946,10.168,-26.612,18.589,0.000,-0.000,-0.007,0.000,-0.000,-0.007,0.002,-0.001,0.000,0.000,-0.000,-0.007,0,0,6,0
4,cylinder_soft,1760,101.640,1.945,4.185,18.162,0.563,-23.868,23.961,0.000,-0.000,-0.007,0.000,-0.000,-0.007,0.002,-0.001,0.000,0.000,-0.000,-0.007,0,0,6,0
4,cylinder_soft,1780,101.640,-0.799,4.381,15.318,3.504,-22.104,23.329,0.000,-0.000,-0.007,0.000,-0.000,-0.007,0.002,-0.001,0.000,0.000,-0.000,-0.007,0,0,6,0
4,cylinder_soft,1800,101.640,10.569,3.989,16.582,-4.532,-23.672,26.489,0.000,-0.000,-0.007,0.000,-0.000,-0.007,0.002,-0.001,0.000,0.000,-0.000,-0.007,0,0,6,0
4,cylinder_soft,1820,101.640,7.825,1.049,30.486,-11.588,-21.712,27.121,0.000,-0.000,-0.007,0.000,-0.000,-0.007,0.002,-0.001,0.000,0.000,-0.000,-0.007,0,1,6,1820
